-- phpMyAdmin SQL Dump
-- version 5.1.2
-- https://www.phpmyadmin.net/
--
-- 主機： localhost:3306
-- 產生時間： 2025-06-11 08:16:48
-- 伺服器版本： 5.7.24
-- PHP 版本： 8.3.1

SET SQL_MODE = "NO_AUTO_VALUE_ON_ZERO";
START TRANSACTION;
SET time_zone = "+00:00";


/*!40101 SET @OLD_CHARACTER_SET_CLIENT=@@CHARACTER_SET_CLIENT */;
/*!40101 SET @OLD_CHARACTER_SET_RESULTS=@@CHARACTER_SET_RESULTS */;
/*!40101 SET @OLD_COLLATION_CONNECTION=@@COLLATION_CONNECTION */;
/*!40101 SET NAMES utf8mb4 */;

--
-- 資料庫: `icepop`
--

-- --------------------------------------------------------

--
-- 資料表結構 `cartdetails`
--

CREATE TABLE `cartdetails` (
  `cartdetailid` int(10) UNSIGNED NOT NULL,
  `cartid` int(10) UNSIGNED NOT NULL,
  `productid` int(10) UNSIGNED NOT NULL,
  `quantity` int(11) NOT NULL,
  `addat` datetime NOT NULL DEFAULT CURRENT_TIMESTAMP
) ENGINE=InnoDB DEFAULT CHARSET=utf8;

--
-- 傾印資料表的資料 `cartdetails`
--

INSERT INTO `cartdetails` (`cartdetailid`, `cartid`, `productid`, `quantity`, `addat`) VALUES
(101, 101, 101, 2, '2025-06-11 00:14:31'),
(102, 101, 102, 1, '2025-06-11 00:14:31'),
(103, 102, 103, 3, '2025-06-11 00:14:31'),
(104, 103, 104, 1, '2025-06-11 00:14:31'),
(105, 103, 105, 2, '2025-06-11 00:14:31'),
(106, 104, 106, 5, '2025-06-11 00:14:31'),
(107, 105, 107, 1, '2025-06-11 00:14:31'),
(108, 105, 108, 1, '2025-06-11 00:14:31'),
(109, 106, 109, 2, '2025-06-11 00:14:31'),
(110, 107, 110, 3, '2025-06-11 00:14:31'),
(111, 107, 111, 1, '2025-06-11 00:14:31'),
(112, 108, 112, 4, '2025-06-11 00:14:31'),
(113, 109, 113, 2, '2025-06-11 00:14:31'),
(114, 109, 114, 1, '2025-06-11 00:14:31'),
(115, 110, 115, 3, '2025-06-11 00:14:31'),
(116, 111, 116, 1, '2025-06-11 00:14:31'),
(117, 111, 117, 2, '2025-06-11 00:14:31'),
(118, 112, 118, 5, '2025-06-11 00:14:31'),
(119, 113, 119, 1, '2025-06-11 00:14:31'),
(120, 113, 120, 2, '2025-06-11 00:14:31'),
(121, 114, 121, 3, '2025-06-11 00:14:31'),
(122, 115, 122, 1, '2025-06-11 00:14:31'),
(123, 115, 123, 1, '2025-06-11 00:14:31'),
(124, 116, 124, 2, '2025-06-11 00:14:31'),
(125, 117, 125, 3, '2025-06-11 00:14:31'),
(126, 117, 126, 1, '2025-06-11 00:14:31'),
(127, 118, 127, 4, '2025-06-11 00:14:31'),
(128, 119, 101, 2, '2025-06-11 00:14:31'),
(129, 120, 102, 1, '2025-06-11 00:14:31'),
(130, 121, 103, 3, '2025-06-11 00:14:31'),
(131, 122, 104, 1, '2025-06-11 00:14:31'),
(132, 123, 105, 2, '2025-06-11 00:14:31'),
(133, 124, 106, 5, '2025-06-11 00:14:31'),
(134, 125, 107, 1, '2025-06-11 00:14:31');

-- --------------------------------------------------------

--
-- 資料表結構 `carts`
--

CREATE TABLE `carts` (
  `cartid` int(10) UNSIGNED NOT NULL,
  `userid` int(10) UNSIGNED NOT NULL,
  `createat` datetime NOT NULL DEFAULT CURRENT_TIMESTAMP,
  `updateat` datetime NOT NULL DEFAULT CURRENT_TIMESTAMP ON UPDATE CURRENT_TIMESTAMP
) ENGINE=InnoDB DEFAULT CHARSET=utf8;

--
-- 傾印資料表的資料 `carts`
--

INSERT INTO `carts` (`cartid`, `userid`, `createat`, `updateat`) VALUES
(101, 101, '2025-06-09 10:00:00', '2025-06-09 10:00:00'),
(102, 102, '2025-06-09 11:00:00', '2025-06-09 11:00:00'),
(103, 103, '2025-06-09 12:00:00', '2025-06-09 12:00:00'),
(104, 104, '2025-06-08 13:00:00', '2025-06-08 13:00:00'),
(105, 105, '2025-06-08 14:00:00', '2025-06-08 14:00:00'),
(106, 106, '2025-06-08 15:00:00', '2025-06-08 15:00:00'),
(107, 107, '2025-06-07 16:00:00', '2025-06-07 16:00:00'),
(108, 108, '2025-06-07 17:00:00', '2025-06-07 17:00:00'),
(109, 109, '2025-06-07 18:00:00', '2025-06-07 18:00:00'),
(110, 110, '2025-06-06 19:00:00', '2025-06-06 19:00:00'),
(111, 111, '2025-06-06 20:00:00', '2025-06-06 20:00:00'),
(112, 112, '2025-06-06 21:00:00', '2025-06-06 21:00:00'),
(113, 113, '2025-06-05 22:00:00', '2025-06-05 22:00:00'),
(114, 114, '2025-06-05 23:00:00', '2025-06-05 23:00:00'),
(115, 115, '2025-06-04 09:00:00', '2025-06-04 09:00:00'),
(116, 116, '2025-06-04 10:00:00', '2025-06-04 10:00:00'),
(117, 117, '2025-06-03 11:00:00', '2025-06-03 11:00:00'),
(118, 118, '2025-06-03 12:00:00', '2025-06-03 12:00:00'),
(119, 119, '2025-06-02 13:00:00', '2025-06-02 13:00:00'),
(120, 120, '2025-06-02 14:00:00', '2025-06-02 14:00:00'),
(121, 121, '2025-06-01 15:00:00', '2025-06-01 15:00:00'),
(122, 122, '2025-06-01 16:00:00', '2025-06-01 16:00:00'),
(123, 123, '2025-05-31 17:00:00', '2025-05-31 17:00:00'),
(124, 124, '2025-05-31 18:00:00', '2025-05-31 18:00:00'),
(125, 125, '2025-05-30 19:00:00', '2025-05-30 19:00:00'),
(126, 126, '2025-05-30 20:00:00', '2025-05-30 20:00:00'),
(127, 127, '2025-05-29 21:00:00', '2025-05-29 21:00:00'),
(128, 128, '2025-05-29 22:00:00', '2025-05-29 22:00:00'),
(129, 129, '2025-05-28 23:00:00', '2025-05-28 23:00:00'),
(130, 130, '2025-05-28 08:00:00', '2025-05-28 08:00:00');

-- --------------------------------------------------------

--
-- 資料表結構 `employees`
--

CREATE TABLE `employees` (
  `employeeid` int(10) UNSIGNED NOT NULL,
  `name` varchar(100) NOT NULL,
  `email` varchar(100) NOT NULL,
  `phone` varchar(100) NOT NULL,
  `title` varchar(100) NOT NULL,
  `hiredate` date NOT NULL COMMENT '雇用日期',
  `leavedate` date DEFAULT NULL COMMENT '離職日期',
  `createat` datetime NOT NULL DEFAULT CURRENT_TIMESTAMP,
  `updateat` datetime NOT NULL DEFAULT CURRENT_TIMESTAMP ON UPDATE CURRENT_TIMESTAMP
) ENGINE=InnoDB DEFAULT CHARSET=utf8;

--
-- 傾印資料表的資料 `employees`
--

INSERT INTO `employees` (`employeeid`, `name`, `email`, `phone`, `title`, `hiredate`, `leavedate`, `createat`, `updateat`) VALUES
(1, '王大明', 'wang@icepop.com', '0912-345-678', '店長', '2023-01-15', NULL, '2025-06-08 22:35:32', '2025-06-08 22:35:32'),
(2, '李小美', 'lee@icepop.com', '0923-456-789', '副店長', '2023-02-01', NULL, '2025-06-08 22:35:32', '2025-06-08 22:35:32'),
(3, '張志強', 'zhang@icepop.com', '0934-567-890', '銷售員', '2023-03-10', NULL, '2025-06-08 22:35:32', '2025-06-08 22:35:32'),
(4, '陳雅婷', 'chen@icepop.com', '0945-678-901', '收銀員', '2023-04-05', NULL, '2025-06-08 22:35:32', '2025-06-08 22:35:32'),
(5, '劉建國', 'liu@icepop.com', '0956-789-012', '倉管員', '2023-05-20', NULL, '2025-06-08 22:35:32', '2025-06-08 22:35:32'),
(6, '黃淑芬', 'huang@icepop.com', '0967-890-123', '銷售員', '2024-01-10', '2024-12-31', '2025-06-08 22:35:32', '2025-06-08 22:35:32'),
(101, '張明華', 'zhang.m@icepop.com', '0901-123-456', '銷售員', '2023-06-01', NULL, '2025-06-11 00:14:30', '2025-06-11 00:14:30'),
(102, '陳莉莉', 'chen.l@icepop.com', '0902-234-567', '銷售員', '2023-07-10', NULL, '2025-06-11 00:14:30', '2025-06-11 00:14:30'),
(103, '王建國', 'wang.j@icepop.com', '0903-345-678', '收銀員', '2023-08-15', NULL, '2025-06-11 00:14:30', '2025-06-11 00:14:30'),
(104, '林美芳', 'lin.m@icepop.com', '0904-456-789', '銷售員', '2023-09-01', NULL, '2025-06-11 00:14:30', '2025-06-11 00:14:30'),
(105, '趙小芳', 'zhao.x@icepop.com', '0905-567-890', '倉管員', '2023-10-20', NULL, '2025-06-11 00:14:30', '2025-06-11 00:14:30'),
(106, '李大龍', 'li.d@icepop.com', '0906-678-901', '銷售員', '2024-01-01', NULL, '2025-06-11 00:14:30', '2025-06-11 00:14:30'),
(107, '周子瑜', 'zhou.z@icepop.com', '0907-789-012', '收銀員', '2024-02-14', NULL, '2025-06-11 00:14:30', '2025-06-11 00:14:30'),
(108, '吳承翰', 'wu.c@icepop.com', '0908-890-123', '銷售員', '2024-03-20', NULL, '2025-06-11 00:14:30', '2025-06-11 00:14:30'),
(109, '徐珮琪', 'xu.p@icepop.com', '0909-901-234', '銷售員', '2024-04-05', NULL, '2025-06-11 00:14:30', '2025-06-11 00:14:30'),
(110, '鄭文傑', 'zheng.w@icepop.com', '0910-012-345', '店長助理', '2024-05-10', NULL, '2025-06-11 00:14:30', '2025-06-11 00:14:30'),
(111, '葉麗雅', 'ye.l@icepop.com', '0911-123-456', '銷售員', '2024-06-01', NULL, '2025-06-11 00:14:30', '2025-06-11 00:14:30'),
(112, '楊哲豪', 'yang.z@icepop.com', '0912-234-567', '收銀員', '2024-07-15', NULL, '2025-06-11 00:14:30', '2025-06-11 00:14:30'),
(113, '許雅玲', 'xu.y@icepop.com', '0913-345-678', '銷售員', '2024-08-20', NULL, '2025-06-11 00:14:30', '2025-06-11 00:14:30'),
(114, '方志明', 'fang.z@icepop.com', '0914-456-789', '倉管員', '2024-09-10', NULL, '2025-06-11 00:14:30', '2025-06-11 00:14:30'),
(115, '郭富城', 'guo.f@icepop.com', '0915-567-890', '銷售員', '2024-10-01', NULL, '2025-06-11 00:14:30', '2025-06-11 00:14:30'),
(116, '彭于晏', 'peng.y@icepop.com', '0916-678-901', '收銀員', '2024-11-05', NULL, '2025-06-11 00:14:30', '2025-06-11 00:14:30'),
(117, '阮經天', 'ruan.j@icepop.com', '0917-789-012', '銷售員', '2024-12-12', NULL, '2025-06-11 00:14:30', '2025-06-11 00:14:30'),
(118, '賈靜雯', 'jia.j@icepop.com', '0918-890-123', '銷售員', '2025-01-01', NULL, '2025-06-11 00:14:30', '2025-06-11 00:14:30'),
(119, '林志玲', 'lin.zl@icepop.com', '0919-901-234', '行銷專員', '2025-02-01', NULL, '2025-06-11 00:14:30', '2025-06-11 00:14:30'),
(120, '金城武', 'jin.c@icepop.com', '0920-012-345', '客服專員', '2025-03-01', NULL, '2025-06-11 00:14:30', '2025-06-11 00:14:30'),
(121, '高嘉瑜', 'gao.j@icepop.com', '0921-123-456', '銷售員', '2023-01-01', '2024-01-31', '2025-06-11 00:14:30', '2025-06-11 00:14:30'),
(122, '柯文哲', 'ke.w@icepop.com', '0922-234-567', '倉管員', '2023-02-01', '2024-02-28', '2025-06-11 00:14:30', '2025-06-11 00:14:30'),
(123, '韓國瑜', 'han.g@icepop.com', '0923-345-678', '銷售員', '2023-03-01', '2024-03-31', '2025-06-11 00:14:30', '2025-06-11 00:14:30'),
(124, '朱立倫', 'zhu.l@icepop.com', '0924-456-789', '收銀員', '2023-04-01', '2024-04-30', '2025-06-11 00:14:30', '2025-06-11 00:14:30'),
(125, '賴清德', 'lai.q@icepop.com', '0925-567-890', '店長', '2023-05-01', '2024-05-31', '2025-06-11 00:14:30', '2025-06-11 00:14:30'),
(126, '侯友宜', 'hou.y@icepop.com', '0926-678-901', '銷售員', '2023-06-01', '2024-06-30', '2025-06-11 00:14:30', '2025-06-11 00:14:30'),
(127, '蔣萬安', 'jiang.w@icepop.com', '0927-789-012', '客服專員', '2023-07-01', '2024-07-31', '2025-06-11 00:14:30', '2025-06-11 00:14:30'),
(128, '陳時中', 'chen.sz@icepop.com', '0928-890-123', '行銷專員', '2023-08-01', '2024-08-31', '2025-06-11 00:14:30', '2025-06-11 00:14:30'),
(129, '王世堅', 'wang.sj@icepop.com', '0929-901-234', '銷售員', '2023-09-01', '2024-09-30', '2025-06-11 00:14:30', '2025-06-11 00:14:30'),
(130, '高虹安', 'gao.ha@icepop.com', '0930-012-345', '收銀員', '2023-10-01', '2024-10-31', '2025-06-11 00:14:30', '2025-06-11 00:14:30');

-- --------------------------------------------------------

--
-- 資料表結構 `inventory`
--

CREATE TABLE `inventory` (
  `inventoryid` int(11) UNSIGNED NOT NULL,
  `productid` int(11) UNSIGNED NOT NULL,
  `location` varchar(100) NOT NULL,
  `unitsinstock` int(11) NOT NULL,
  `unitsinreserved` int(11) NOT NULL,
  `lastrestockdate` date DEFAULT NULL,
  `updateat` datetime NOT NULL DEFAULT CURRENT_TIMESTAMP ON UPDATE CURRENT_TIMESTAMP
) ENGINE=InnoDB DEFAULT CHARSET=utf8;

--
-- 傾印資料表的資料 `inventory`
--

INSERT INTO `inventory` (`inventoryid`, `productid`, `location`, `unitsinstock`, `unitsinreserved`, `lastrestockdate`, `updateat`) VALUES
(1, 1, '冷凍庫A區', 150, 20, '2025-06-07', '2025-06-08 22:35:32'),
(2, 2, '冷凍庫A區', 120, 15, '2025-06-06', '2025-06-08 22:35:32'),
(3, 3, '冷凍庫B區', 80, 10, '2025-06-05', '2025-06-08 22:35:32'),
(4, 4, '冷凍庫B區', 200, 25, '2025-06-08', '2025-06-08 22:35:32'),
(5, 5, '冷凍庫C區', 90, 12, '2025-06-04', '2025-06-08 22:35:32'),
(6, 6, '冷凍庫C區', 110, 18, '2025-06-07', '2025-06-08 22:35:32'),
(7, 7, '冷凍庫D區', 0, 0, '2025-05-30', '2025-06-08 22:35:32'),
(8, 1, '冷凍庫B區', 300, 50, '2025-06-09', '2025-06-09 15:04:39'),
(101, 1, '冷凍庫A區', 50, 5, '2025-06-09', '2025-06-11 00:14:31'),
(102, 2, '冷凍庫B區', 40, 3, '2025-06-08', '2025-06-11 00:14:31'),
(103, 3, '冷凍庫A區', 70, 8, '2025-06-07', '2025-06-11 00:14:31'),
(104, 101, '冷凍庫C區', 100, 10, '2025-06-09', '2025-06-11 00:14:31'),
(105, 102, '冷凍庫D區', 90, 8, '2025-06-08', '2025-06-11 00:14:31'),
(106, 103, '冷凍庫A區', 120, 15, '2025-06-07', '2025-06-11 00:14:31'),
(107, 104, '冷凍庫B區', 80, 7, '2025-06-09', '2025-06-11 00:14:31'),
(108, 105, '冷凍庫C區', 110, 12, '2025-06-06', '2025-06-11 00:14:31'),
(109, 106, '冷凍庫D區', 50, 5, '2025-06-05', '2025-06-11 00:14:31'),
(110, 107, '冷凍庫A區', 75, 9, '2025-06-04', '2025-06-11 00:14:31'),
(111, 108, '冷凍庫B區', 60, 6, '2025-06-03', '2025-06-11 00:14:31'),
(112, 109, '冷凍庫C區', 95, 11, '2025-06-02', '2025-06-11 00:14:31'),
(113, 110, '冷凍庫D區', 85, 10, '2025-06-01', '2025-06-11 00:14:31'),
(114, 111, '冷凍庫A區', 130, 18, '2025-05-30', '2025-06-11 00:14:31'),
(115, 112, '冷凍庫B區', 100, 10, '2025-05-29', '2025-06-11 00:14:31'),
(116, 113, '冷凍庫C區', 70, 7, '2025-05-28', '2025-06-11 00:14:31'),
(117, 114, '冷凍庫D區', 115, 13, '2025-05-27', '2025-06-11 00:14:31'),
(118, 115, '冷凍庫A區', 80, 8, '2025-05-26', '2025-06-11 00:14:31'),
(119, 116, '冷凍庫B區', 90, 9, '2025-05-25', '2025-06-11 00:14:31'),
(120, 117, '冷凍庫C區', 65, 6, '2025-05-24', '2025-06-11 00:14:31'),
(121, 118, '冷凍庫D區', 140, 16, '2025-05-23', '2025-06-11 00:14:31'),
(122, 119, '冷凍庫A區', 55, 5, '2025-05-22', '2025-06-11 00:14:31'),
(123, 120, '冷凍庫B區', 105, 12, '2025-05-21', '2025-06-11 00:14:31'),
(124, 121, '冷凍庫C區', 78, 8, '2025-05-20', '2025-06-11 00:14:31'),
(125, 122, '冷凍庫D區', 92, 10, '2025-05-19', '2025-06-11 00:14:31'),
(126, 123, '冷凍庫A區', 68, 7, '2025-05-18', '2025-06-11 00:14:31'),
(127, 124, '冷凍庫B區', 150, 20, '2025-05-17', '2025-06-11 00:14:31'),
(128, 125, '冷凍庫C區', 88, 9, '2025-05-16', '2025-06-11 00:14:31'),
(129, 128, '冷凍庫A區', 0, 0, '2025-05-15', '2025-06-11 00:14:31'),
(130, 129, '冷凍庫B區', 0, 0, '2025-05-14', '2025-06-11 00:14:31'),
(131, 130, '冷凍庫C區', 0, 0, '2025-05-13', '2025-06-11 00:14:31'),
(132, 101, '冷凍庫E區', 200, 30, '2025-06-09', '2025-06-11 00:14:31'),
(133, 103, '冷凍庫E區', 100, 10, '2025-06-08', '2025-06-11 00:14:31');

-- --------------------------------------------------------

--
-- 資料表結構 `orderdetails`
--

CREATE TABLE `orderdetails` (
  `orderid` int(10) UNSIGNED NOT NULL,
  `productid` int(11) UNSIGNED NOT NULL,
  `quantity` int(11) NOT NULL,
  `unitprice` double NOT NULL,
  `createat` datetime NOT NULL DEFAULT CURRENT_TIMESTAMP,
  `updateat` datetime NOT NULL DEFAULT CURRENT_TIMESTAMP ON UPDATE CURRENT_TIMESTAMP
) ENGINE=InnoDB DEFAULT CHARSET=utf8;

--
-- 傾印資料表的資料 `orderdetails`
--

INSERT INTO `orderdetails` (`orderid`, `productid`, `quantity`, `unitprice`, `createat`, `updateat`) VALUES
(1, 1, 2, 25, '2025-06-08 22:35:32', '2025-06-08 22:35:32'),
(1, 2, 1, 30, '2025-06-08 22:35:32', '2025-06-08 22:35:32'),
(1, 3, 1, 35, '2025-06-08 22:35:32', '2025-06-08 22:35:32'),
(2, 4, 3, 32, '2025-06-08 22:35:32', '2025-06-08 22:35:32'),
(2, 5, 2, 38, '2025-06-08 22:35:32', '2025-06-08 22:35:32'),
(3, 1, 1, 25, '2025-06-08 22:35:32', '2025-06-08 22:35:32'),
(3, 6, 2, 28, '2025-06-08 22:35:32', '2025-06-08 22:35:32'),
(4, 2, 4, 30, '2025-06-08 22:35:32', '2025-06-08 22:35:32'),
(4, 3, 2, 35, '2025-06-08 22:35:32', '2025-06-08 22:35:32'),
(5, 5, 1, 38, '2025-06-08 22:35:32', '2025-06-08 22:35:32'),
(5, 6, 3, 28, '2025-06-08 22:35:32', '2025-06-08 22:35:32'),
(6, 1, 5, 25, '2025-06-08 22:35:32', '2025-06-08 22:35:32'),
(7, 4, 2, 32, '2025-06-08 22:35:32', '2025-06-08 22:35:32'),
(7, 5, 1, 38, '2025-06-08 22:35:32', '2025-06-08 22:35:32'),
(101, 101, 2, 20, '2025-06-11 00:14:31', '2025-06-11 00:14:31'),
(101, 102, 1, 30, '2025-06-11 00:14:31', '2025-06-11 00:14:31'),
(102, 103, 3, 25, '2025-06-11 00:14:31', '2025-06-11 00:14:31'),
(103, 104, 1, 28, '2025-06-11 00:14:31', '2025-06-11 00:14:31'),
(103, 105, 2, 22, '2025-06-11 00:14:31', '2025-06-11 00:14:31'),
(104, 106, 5, 45, '2025-06-11 00:14:31', '2025-06-11 00:14:31'),
(105, 107, 1, 32, '2025-06-11 00:14:31', '2025-06-11 00:14:31'),
(105, 108, 1, 38, '2025-06-11 00:14:31', '2025-06-11 00:14:31'),
(106, 109, 2, 30, '2025-06-11 00:14:31', '2025-06-11 00:14:31'),
(107, 110, 3, 35, '2025-06-11 00:14:31', '2025-06-11 00:14:31'),
(107, 111, 1, 40, '2025-06-11 00:14:31', '2025-06-11 00:14:31'),
(108, 112, 4, 27, '2025-06-11 00:14:31', '2025-06-11 00:14:31'),
(109, 113, 2, 33, '2025-06-11 00:14:31', '2025-06-11 00:14:31'),
(109, 114, 1, 26, '2025-06-11 00:14:31', '2025-06-11 00:14:31'),
(110, 115, 3, 29, '2025-06-11 00:14:31', '2025-06-11 00:14:31'),
(111, 116, 1, 31, '2025-06-11 00:14:31', '2025-06-11 00:14:31'),
(111, 117, 2, 34, '2025-06-11 00:14:31', '2025-06-11 00:14:31'),
(112, 118, 5, 36, '2025-06-11 00:14:31', '2025-06-11 00:14:31'),
(113, 119, 1, 42, '2025-06-11 00:14:31', '2025-06-11 00:14:31'),
(113, 120, 2, 40, '2025-06-11 00:14:31', '2025-06-11 00:14:31'),
(114, 121, 3, 37, '2025-06-11 00:14:31', '2025-06-11 00:14:31'),
(115, 122, 1, 39, '2025-06-11 00:14:31', '2025-06-11 00:14:31'),
(115, 123, 1, 30, '2025-06-11 00:14:31', '2025-06-11 00:14:31'),
(116, 124, 2, 45, '2025-06-11 00:14:31', '2025-06-11 00:14:31'),
(117, 125, 3, 33, '2025-06-11 00:14:31', '2025-06-11 00:14:31'),
(117, 126, 1, 32, '2025-06-11 00:14:31', '2025-06-11 00:14:31'),
(118, 127, 4, 28, '2025-06-11 00:14:31', '2025-06-11 00:14:31');

-- --------------------------------------------------------

--
-- 資料表結構 `orders`
--

CREATE TABLE `orders` (
  `orderid` int(10) UNSIGNED NOT NULL,
  `platformid` int(10) UNSIGNED NOT NULL,
  `userid` int(10) UNSIGNED NOT NULL,
  `orderdate` date NOT NULL,
  `orderstatus` varchar(100) NOT NULL COMMENT '訂單狀態',
  `paymethod` varchar(100) NOT NULL COMMENT '付款方式',
  `paystatus` varchar(100) NOT NULL COMMENT '付款狀態',
  `addressid` int(10) UNSIGNED NOT NULL COMMENT '送貨地址',
  `createat` datetime NOT NULL DEFAULT CURRENT_TIMESTAMP,
  `updateat` datetime NOT NULL DEFAULT CURRENT_TIMESTAMP ON UPDATE CURRENT_TIMESTAMP
) ENGINE=InnoDB DEFAULT CHARSET=utf8;

--
-- 傾印資料表的資料 `orders`
--

INSERT INTO `orders` (`orderid`, `platformid`, `userid`, `orderdate`, `orderstatus`, `paymethod`, `paystatus`, `addressid`, `createat`, `updateat`) VALUES
(1, 1, 1, '2025-06-08', '已完成', '信用卡', '已付款', 1, '2025-06-08 22:35:32', '2025-06-08 22:35:32'),
(2, 1, 2, '2025-06-08', '配送中', '現金', '已付款', 2, '2025-06-08 22:35:32', '2025-06-08 22:35:32'),
(3, 2, 3, '2025-06-07', '已完成', 'LINE Pay', '已付款', 3, '2025-06-08 22:35:32', '2025-06-08 22:35:32'),
(4, 1, 4, '2025-06-07', '處理中', '信用卡', '已付款', 4, '2025-06-08 22:35:32', '2025-06-11 01:09:50'),
(5, 2, 5, '2025-06-06', '已完成', '街口支付', '已付款', 5, '2025-06-08 22:35:32', '2025-06-11 01:09:50'),
(6, 1, 1, '2025-06-05', '已取消', '信用卡', '已退款', 6, '2025-06-08 22:35:32', '2025-06-08 22:35:32'),
(7, 2, 2, '2025-06-04', '已完成', '現金', '已付款', 7, '2025-06-08 22:35:32', '2025-06-08 22:35:32'),
(101, 2, 101, '2025-06-09', '已完成', '信用卡', '已付款', 101, '2025-06-11 00:14:31', '2025-06-11 01:09:50'),
(102, 1, 102, '2025-06-09', '配送中', '現金', '已付款', 103, '2025-06-11 00:14:31', '2025-06-11 01:09:50'),
(103, 1, 103, '2025-06-08', '處理中', 'LINE Pay', '已付款', 104, '2025-06-11 00:14:31', '2025-06-11 01:09:50'),
(104, 2, 104, '2025-06-08', '已取消', '信用卡', '已退款', 105, '2025-06-11 00:14:31', '2025-06-11 01:09:50'),
(105, 1, 105, '2025-06-07', '已完成', '街口支付', '已付款', 106, '2025-06-11 00:14:31', '2025-06-11 01:09:50'),
(106, 1, 106, '2025-06-07', '配送中', '信用卡', '已付款', 107, '2025-06-11 00:14:31', '2025-06-11 01:11:51'),
(107, 2, 107, '2025-06-06', '處理中', '現金', '未付款', 108, '2025-06-11 00:14:31', '2025-06-11 01:11:51'),
(108, 1, 108, '2025-06-06', '已完成', 'LINE Pay', '已付款', 109, '2025-06-11 00:14:31', '2025-06-11 01:11:51'),
(109, 1, 109, '2025-06-05', '已完成', '信用卡', '已付款', 110, '2025-06-11 00:14:31', '2025-06-11 01:11:51'),
(110, 1, 110, '2025-06-05', '處理中', '現金', '已付款', 111, '2025-06-11 00:14:31', '2025-06-11 01:11:51'),
(111, 2, 111, '2025-06-04', '配送中', '街口支付', '已付款', 112, '2025-06-11 00:14:31', '2025-06-11 01:11:51'),
(112, 2, 112, '2025-06-04', '已完成', '信用卡', '已付款', 113, '2025-06-11 00:14:31', '2025-06-11 01:11:51'),
(113, 1, 113, '2025-06-03', '已取消', 'LINE Pay', '已退款', 114, '2025-06-11 00:14:31', '2025-06-11 01:11:51'),
(114, 1, 114, '2025-06-03', '已完成', '現金', '已付款', 115, '2025-06-11 00:14:31', '2025-06-11 01:11:51'),
(115, 2, 115, '2025-06-02', '處理中', '信用卡', '未付款', 116, '2025-06-11 00:14:31', '2025-06-11 01:11:51'),
(116, 1, 116, '2025-06-02', '配送中', '街口支付', '已付款', 117, '2025-06-11 00:14:31', '2025-06-11 01:11:51'),
(117, 2, 117, '2025-06-01', '已完成', '信用卡', '已付款', 118, '2025-06-11 00:14:31', '2025-06-11 01:11:51'),
(118, 1, 118, '2025-06-01', '處理中', '現金', '已付款', 119, '2025-06-11 00:14:31', '2025-06-11 01:11:51');

-- --------------------------------------------------------

--
-- 資料表結構 `platforms`
--

CREATE TABLE `platforms` (
  `platformid` int(10) UNSIGNED NOT NULL,
  `platformname` varchar(100) NOT NULL,
  `employeeid` int(10) UNSIGNED NOT NULL,
  `createat` datetime NOT NULL DEFAULT CURRENT_TIMESTAMP,
  `updateat` datetime NOT NULL DEFAULT CURRENT_TIMESTAMP ON UPDATE CURRENT_TIMESTAMP
) ENGINE=InnoDB DEFAULT CHARSET=utf8;

--
-- 傾印資料表的資料 `platforms`
--

INSERT INTO `platforms` (`platformid`, `platformname`, `employeeid`, `createat`, `updateat`) VALUES
(1, '官方購物網站', 1, '2025-06-08 22:35:32', '2025-06-11 01:15:26'),
(2, '蝦皮', 2, '2025-06-08 22:35:32', '2025-06-11 01:15:26');

-- --------------------------------------------------------

--
-- 資料表結構 `productimgs`
--

CREATE TABLE `productimgs` (
  `imgid` int(11) UNSIGNED NOT NULL,
  `productid` int(11) UNSIGNED NOT NULL,
  `imgurl` varchar(255) NOT NULL
) ENGINE=InnoDB DEFAULT CHARSET=utf8;

--
-- 傾印資料表的資料 `productimgs`
--

INSERT INTO `productimgs` (`imgid`, `productid`, `imgurl`) VALUES
(1, 1, '/images/products/redbean_01.jpg'),
(2, 1, '/images/products/redbean_02.jpg'),
(3, 2, '/images/products/mango_01.jpg'),
(4, 2, '/images/products/mango_02.jpg'),
(5, 3, '/images/products/matcha_01.jpg'),
(6, 4, '/images/products/strawberry_01.jpg'),
(7, 5, '/images/products/chocolate_01.jpg'),
(8, 6, '/images/products/coconut_01.jpg'),
(101, 101, '/images/products/vanilla_01.jpg'),
(102, 101, '/images/products/vanilla_02.jpg'),
(103, 102, '/images/products/taro_01.jpg'),
(104, 103, '/images/products/passionfruit_01.jpg'),
(105, 104, '/images/products/pineapple_01.jpg'),
(106, 105, '/images/products/peanut_01.jpg'),
(107, 106, '/images/products/durian_01.jpg'),
(108, 107, '/images/products/kiwi_01.jpg'),
(109, 108, '/images/products/brownsugarpearl_01.jpg'),
(110, 109, '/images/products/sesamemilk_01.jpg'),
(111, 110, '/images/products/mintchocolate_01.jpg'),
(112, 111, '/images/products/mixedfruit_01.jpg'),
(113, 112, '/images/products/guava_01.jpg'),
(114, 113, '/images/products/redbeanmix_01.jpg'),
(115, 114, '/images/products/plum_01.jpg'),
(116, 115, '/images/products/grassjellymilk_01.jpg'),
(117, 116, '/images/products/roselle_01.jpg'),
(118, 117, '/images/products/rubytea_01.jpg'),
(119, 118, '/images/products/tieguanyin_01.jpg'),
(120, 119, '/images/products/caramelmacchiato_01.jpg'),
(121, 120, '/images/products/tiramisu_01.jpg'),
(122, 121, '/images/products/matcharedbean_01.jpg'),
(123, 122, '/images/products/mixedberry_01.jpg'),
(124, 123, '/images/products/blacksesame_01.jpg'),
(125, 124, '/images/products/champagne_grape_01.jpg'),
(126, 125, '/images/products/cantaloupe_01.jpg'),
(127, 126, '/images/products/coffee_latte_01.jpg'),
(128, 127, '/images/products/almond_tofu_01.jpg'),
(129, 128, '/images/products/cinnamon_apple_01.jpg'),
(130, 129, '/images/products/longan_jujube_01.jpg'),
(131, 130, '/images/products/cherry_wine_01.jpg');

-- --------------------------------------------------------

--
-- 資料表結構 `products`
--

CREATE TABLE `products` (
  `productid` int(11) UNSIGNED NOT NULL,
  `productname` varchar(100) NOT NULL,
  `description` text NOT NULL,
  `quantityperunit` varchar(100) NOT NULL,
  `unitprice` double NOT NULL,
  `isactive` tinyint(1) NOT NULL,
  `createat` datetime NOT NULL DEFAULT CURRENT_TIMESTAMP,
  `updateat` datetime NOT NULL DEFAULT CURRENT_TIMESTAMP ON UPDATE CURRENT_TIMESTAMP
) ENGINE=InnoDB DEFAULT CHARSET=utf8;

--
-- 傾印資料表的資料 `products`
--

INSERT INTO `products` (`productid`, `productname`, `description`, `quantityperunit`, `unitprice`, `isactive`, `createat`, `updateat`) VALUES
(1, '經典紅豆冰棒', '濃郁紅豆香味，口感綿密的經典冰棒', '1支/包', 25, 1, '2025-06-08 22:35:32', '2025-06-08 22:35:32'),
(2, '芒果優格冰棒', '新鮮芒果搭配優格，酸甜清爽', '1支/包', 30, 1, '2025-06-08 22:35:32', '2025-06-08 22:35:32'),
(3, '抹茶牛奶冰棒', '京都抹茶粉製作，奶香濃郁', '1支/包', 35, 1, '2025-06-08 22:35:32', '2025-06-08 22:35:32'),
(4, '草莓煉乳冰棒', '季節限定草莓搭配香濃煉乳', '1支/包', 32, 1, '2025-06-08 22:35:32', '2025-06-08 22:35:32'),
(5, '巧克力脆片冰棒', '比利時巧克力加上酥脆餅乾片', '1支/包', 38, 1, '2025-06-08 22:35:32', '2025-06-08 22:35:32'),
(6, '椰子水果冰棒', '天然椰子水搭配綜合水果粒', '1支/包', 28, 1, '2025-06-08 22:35:32', '2025-06-08 22:35:32'),
(7, '檸檬蜂蜜冰棒', '檸檬清香搭配天然蜂蜜', '1支/包', 26, 0, '2025-06-08 22:35:32', '2025-06-08 22:35:32'),
(101, '香草牛奶冰棒', '經典香草口味，濃郁奶香', '1支/包', 20, 1, '2025-06-11 00:14:31', '2025-06-11 00:14:31'),
(102, '芋頭牛奶冰棒', '大甲芋頭製作，綿密香甜', '1支/包', 30, 1, '2025-06-11 00:14:31', '2025-06-11 00:14:31'),
(103, '百香果冰棒', '酸甜百香果風味，清爽解渴', '1支/包', 25, 1, '2025-06-11 00:14:31', '2025-06-11 00:14:31'),
(104, '鳳梨冰棒', '台灣在地鳳梨，酸甜好滋味', '1支/包', 28, 1, '2025-06-11 00:14:31', '2025-06-11 00:14:31'),
(105, '花生冰棒', '濃郁花生香氣，古早味冰品', '1支/包', 22, 1, '2025-06-11 00:14:31', '2025-06-11 00:14:31'),
(106, '榴槤冰棒', '重口味榴槤愛好者必選', '1支/包', 45, 1, '2025-06-11 00:14:31', '2025-06-11 00:14:31'),
(107, '奇異果冰棒', '紐西蘭奇異果，酸甜帶點微酸', '1支/包', 32, 1, '2025-06-11 00:14:31', '2025-06-11 00:14:31'),
(108, '黑糖珍珠冰棒', 'Q彈珍珠搭配香濃黑糖', '1支/包', 38, 1, '2025-06-11 00:14:31', '2025-06-11 00:14:31'),
(109, '芝麻牛奶冰棒', '濃郁芝麻香，營養又美味', '1支/包', 30, 1, '2025-06-11 00:14:31', '2025-06-11 00:14:31'),
(110, '薄荷巧克力冰棒', '清涼薄荷搭配苦甜巧克力', '1支/包', 35, 1, '2025-06-11 00:14:31', '2025-06-11 00:14:31'),
(111, '水果綜合冰棒', '多種水果混合，一次滿足', '1支/包', 40, 1, '2025-06-11 00:14:31', '2025-06-11 00:14:31'),
(112, '紅心芭樂冰棒', '台灣紅心芭樂，獨特香氣', '1支/包', 27, 1, '2025-06-11 00:14:31', '2025-06-11 00:14:31'),
(113, '蜜豆冰棒', '多種蜜豆餡料，口感豐富', '1支/包', 33, 1, '2025-06-11 00:14:31', '2025-06-11 00:14:31'),
(114, '青梅冰棒', '酸甜青梅，生津止渴', '1支/包', 26, 1, '2025-06-11 00:14:31', '2025-06-11 00:14:31'),
(115, '仙草牛奶冰棒', '滑嫩仙草搭配香醇牛奶', '1支/包', 29, 1, '2025-06-11 00:14:31', '2025-06-11 00:14:31'),
(116, '洛神花冰棒', '洛神花酸甜，獨特風味', '1支/包', 31, 1, '2025-06-11 00:14:31', '2025-06-11 00:14:31'),
(117, '紅玉紅茶冰棒', '台灣紅玉紅茶，茶香濃郁', '1支/包', 34, 1, '2025-06-11 00:14:31', '2025-06-11 00:14:31'),
(118, '鐵觀音冰棒', '醇厚鐵觀音茶香，回甘不膩', '1支/包', 36, 1, '2025-06-11 00:14:31', '2025-06-11 00:14:31'),
(119, '焦糖瑪奇朵冰棒', '咖啡與焦糖的完美結合', '1支/包', 42, 1, '2025-06-11 00:14:31', '2025-06-11 00:14:31'),
(120, '提拉米蘇冰棒', '義式甜點風味，濃郁可可', '1支/包', 40, 1, '2025-06-11 00:14:31', '2025-06-11 00:14:31'),
(121, '抹茶紅豆冰棒', '抹茶與紅豆的經典組合', '1支/包', 37, 1, '2025-06-11 00:14:31', '2025-06-11 00:14:31'),
(122, '綜合莓果冰棒', '藍莓、草莓、覆盆莓等多種莓果', '1支/包', 39, 1, '2025-06-11 00:14:31', '2025-06-11 00:14:31'),
(123, '黑芝麻冰棒', '純黑芝麻製作，養生又美味', '1支/包', 30, 1, '2025-06-11 00:14:31', '2025-06-11 00:14:31'),
(124, '香檳葡萄冰棒', '微醺香檳葡萄風味', '1支/包', 45, 1, '2025-06-11 00:14:31', '2025-06-11 00:14:31'),
(125, '哈密瓜冰棒', '香甜多汁哈密瓜', '1支/包', 33, 1, '2025-06-11 00:14:31', '2025-06-11 00:14:31'),
(126, '咖啡拿鐵冰棒', '香醇咖啡與牛奶的結合', '1支/包', 32, 1, '2025-06-11 00:14:31', '2025-06-11 00:14:31'),
(127, '杏仁豆腐冰棒', 'Q彈杏仁豆腐，清爽可口', '1支/包', 28, 1, '2025-06-11 00:14:31', '2025-06-11 00:14:31'),
(128, '肉桂蘋果冰棒', '溫暖肉桂與蘋果香氣', '1支/包', 35, 0, '2025-06-11 00:14:31', '2025-06-11 00:14:31'),
(129, '桂圓紅棗冰棒', '滋補桂圓紅棗，溫潤養生', '1支/包', 36, 0, '2025-06-11 00:14:31', '2025-06-11 00:14:31'),
(130, '酒釀櫻桃冰棒', '酒釀與櫻桃，獨特風味', '1支/包', 48, 0, '2025-06-11 00:14:31', '2025-06-11 00:14:31');

-- --------------------------------------------------------

--
-- 資料表結構 `useraddress`
--

CREATE TABLE `useraddress` (
  `addressid` int(10) UNSIGNED NOT NULL,
  `userid` int(10) UNSIGNED NOT NULL,
  `name` varchar(100) NOT NULL COMMENT '收件人姓名',
  `phone` varchar(100) NOT NULL COMMENT '收件人電話',
  `street` varchar(100) NOT NULL COMMENT '街道地址',
  `city` varchar(100) NOT NULL COMMENT '城市',
  `district` varchar(100) NOT NULL COMMENT '行政區',
  `zipcode` varchar(50) NOT NULL COMMENT '郵遞區號',
  `isdefault` tinyint(1) NOT NULL COMMENT '是否為默認地址',
  `createat` datetime NOT NULL DEFAULT CURRENT_TIMESTAMP,
  `updateat` datetime DEFAULT CURRENT_TIMESTAMP ON UPDATE CURRENT_TIMESTAMP
) ENGINE=InnoDB DEFAULT CHARSET=utf8;

--
-- 傾印資料表的資料 `useraddress`
--

INSERT INTO `useraddress` (`addressid`, `userid`, `name`, `phone`, `street`, `city`, `district`, `zipcode`, `isdefault`, `createat`, `updateat`) VALUES
(1, 1, '張小華', '0912-111-222', '忠孝東路四段200號12樓', '台北市', '大安區', '106', 1, '2025-06-08 22:35:32', '2025-06-08 22:35:32'),
(2, 2, '李大偉', '0923-333-444', '中正路123號5樓', '新北市', '板橋區', '220', 1, '2025-06-08 22:35:32', '2025-06-08 22:35:32'),
(3, 3, '王美玲', '0934-555-666', '中山路456號', '桃園市', '中壢區', '320', 1, '2025-06-08 22:35:32', '2025-06-08 22:35:32'),
(4, 4, '陳志豪', '0945-777-888', '逢甲路789號3樓', '台中市', '西屯區', '407', 1, '2025-06-08 22:35:32', '2025-06-08 22:35:32'),
(5, 5, '林雅琪', '0956-999-000', '夢時代購物中心1樓', '高雄市', '前鎮區', '806', 1, '2025-06-08 22:35:32', '2025-06-08 22:35:32'),
(6, 1, '張小華', '0912-111-222', '信義路五段150號', '台北市', '信義區', '110', 0, '2025-06-08 22:35:32', '2025-06-08 22:35:32'),
(7, 2, '李大偉', '0923-333-444', '公司地址-民權東路300號', '台北市', '中山區', '104', 0, '2025-06-08 22:35:32', '2025-06-08 22:35:32'),
(101, 101, '王小明', '0911-222-333', '新生南路一段1號', '台北市', '大安區', '106', 1, '2025-06-11 00:14:30', '2025-06-11 00:14:30'),
(102, 101, '王小明', '0911-222-333', '羅斯福路三段2號', '台北市', '中正區', '100', 0, '2025-06-11 00:14:30', '2025-06-11 00:14:30'),
(103, 102, '陳美玲', '0912-333-444', '文德路3號', '新北市', '新店區', '231', 1, '2025-06-11 00:14:30', '2025-06-11 00:14:30'),
(104, 103, '林志傑', '0913-444-555', '中和路4號', '新北市', '中和區', '235', 1, '2025-06-11 00:14:30', '2025-06-11 00:14:30'),
(105, 104, '吳淑貞', '0914-555-666', '景安路5號', '新北市', '永和區', '234', 1, '2025-06-11 00:14:30', '2025-06-11 00:14:30'),
(106, 105, '黃國華', '0915-666-777', '光復路6號', '桃園市', '龜山區', '333', 1, '2025-06-11 00:14:30', '2025-06-11 00:14:30'),
(107, 106, '蔡依林', '0916-777-888', '藝文特區7號', '桃園市', '桃園區', '330', 1, '2025-06-11 00:14:30', '2025-06-11 00:14:30'),
(108, 107, '鄭成功', '0917-888-999', '延平路8號', '新竹市', '東區', '300', 1, '2025-06-11 00:14:30', '2025-06-11 00:14:30'),
(109, 108, '楊丞琳', '0918-999-000', '竹北交流道9號', '新竹縣', '竹北市', '302', 1, '2025-06-11 00:14:30', '2025-06-11 00:14:30'),
(110, 109, '劉德華', '0919-000-111', '英才路10號', '台中市', '西區', '403', 1, '2025-06-11 00:14:30', '2025-06-11 00:14:30'),
(111, 109, '劉德華', '0919-000-111', '公益路11號', '台中市', '南屯區', '408', 0, '2025-06-11 00:14:30', '2025-06-11 00:14:30'),
(112, 110, '高圓圓', '0920-111-222', '向上路12號', '台中市', '南屯區', '408', 1, '2025-06-11 00:14:30', '2025-06-11 00:14:30'),
(113, 111, '周杰倫', '0921-222-333', '民族路13號', '台南市', '中西區', '700', 1, '2025-06-11 00:14:30', '2025-06-11 00:14:30'),
(114, 112, '孫燕姿', '0922-333-444', '大學路14號', '台南市', '東區', '701', 1, '2025-06-11 00:14:30', '2025-06-11 00:14:30'),
(115, 113, '王力宏', '0923-444-555', '成功路15號', '台南市', '北區', '704', 1, '2025-06-11 00:14:30', '2025-06-11 00:14:30'),
(116, 114, '李榮浩', '0924-555-666', '自強路16號', '高雄市', '苓雅區', '802', 1, '2025-06-11 00:14:30', '2025-06-11 00:14:30'),
(117, 115, '鄧紫棋', '0925-666-777', '博愛路17號', '高雄市', '左營區', '813', 1, '2025-06-11 00:14:30', '2025-06-11 00:14:30'),
(118, 116, '羅志祥', '0926-777-888', '中華路18號', '高雄市', '前金區', '801', 1, '2025-06-11 00:14:30', '2025-06-11 00:14:30'),
(119, 117, '林俊傑', '0927-888-999', '中央路19號', '花蓮縣', '花蓮市', '970', 1, '2025-06-11 00:14:30', '2025-06-11 00:14:30'),
(120, 118, '蕭敬騰', '0928-999-000', '和平路20號', '台東縣', '台東市', '950', 1, '2025-06-11 00:14:30', '2025-06-11 00:14:30'),
(121, 119, '田馥甄', '0929-000-111', '中正路21號', '宜蘭縣', '宜蘭市', '260', 1, '2025-06-11 00:14:30', '2025-06-11 00:14:30'),
(122, 120, '阿信', '0930-111-222', '復興路22號', '新竹縣', '竹東鎮', '310', 1, '2025-06-11 00:14:30', '2025-06-11 00:14:30'),
(123, 121, '光頭王', '0987-654-321', '市民大道一段100號', '台北市', '大同區', '103', 1, '2025-06-11 00:14:30', '2025-06-11 00:14:30'),
(124, 122, '劉阿嬤', '0988-765-432', '板橋車站附近', '新北市', '板橋區', '220', 1, '2025-06-11 00:14:30', '2025-06-11 00:14:30'),
(125, 123, '張老師', '0989-876-543', '中壢市區', '桃園市', '中壢區', '320', 1, '2025-06-11 00:14:30', '2025-06-11 00:14:30'),
(126, 124, '李同學', '0990-987-654', '東海大學旁', '台中市', '龍井區', '434', 1, '2025-06-11 00:14:30', '2025-06-11 00:14:30'),
(127, 125, '趙老闆', '0991-098-765', '美術館特區', '台中市', '西區', '403', 1, '2025-06-11 00:14:30', '2025-06-11 00:14:30'),
(128, 126, '錢經理', '0992-123-456', '信義區辦公室', '台北市', '信義區', '110', 1, '2025-06-11 00:14:30', '2025-06-11 00:14:30'),
(129, 127, '孫先生', '0993-234-567', '內湖科學園區', '台北市', '內湖區', '114', 1, '2025-06-11 00:14:30', '2025-06-11 00:14:30'),
(130, 128, '周小姐', '0994-345-678', '三峽老街', '新北市', '三峽區', '237', 1, '2025-06-11 00:14:30', '2025-06-11 00:14:30');

-- --------------------------------------------------------

--
-- 資料表結構 `users`
--

CREATE TABLE `users` (
  `userid` int(10) UNSIGNED NOT NULL,
  `name` varchar(100) NOT NULL,
  `email` varchar(100) NOT NULL,
  `phone` varchar(100) NOT NULL,
  `password` varchar(255) DEFAULT NULL COMMENT '沒註冊就沒有',
  `registrationdate` date DEFAULT NULL COMMENT '沒註冊就沒有',
  `lastlogindate` date DEFAULT NULL,
  `isactive` tinyint(1) NOT NULL,
  `createat` datetime NOT NULL DEFAULT CURRENT_TIMESTAMP,
  `updateat` datetime NOT NULL DEFAULT CURRENT_TIMESTAMP ON UPDATE CURRENT_TIMESTAMP
) ENGINE=InnoDB DEFAULT CHARSET=utf8;

--
-- 傾印資料表的資料 `users`
--

INSERT INTO `users` (`userid`, `name`, `email`, `phone`, `password`, `registrationdate`, `lastlogindate`, `isactive`, `createat`, `updateat`) VALUES
(1, '張小華', 'zhang.xiaohua@gmail.com', '0912-111-222', '$2y$10$example1hash', '2024-01-15', '2025-06-08', 1, '2025-06-08 22:35:32', '2025-06-08 22:35:32'),
(2, '李大偉', 'li.dawei@yahoo.com', '0923-333-444', '$2y$10$example2hash', '2024-02-20', '2025-06-07', 1, '2025-06-08 22:35:32', '2025-06-08 22:35:32'),
(3, '王美玲', 'wang.meiling@hotmail.com', '0934-555-666', '$2y$10$example3hash', '2024-03-10', '2025-06-06', 1, '2025-06-08 22:35:32', '2025-06-08 22:35:32'),
(4, '陳志豪', 'chen.zhihao@gmail.com', '0945-777-888', '$2y$10$example4hash', '2024-04-25', '2025-06-05', 1, '2025-06-08 22:35:32', '2025-06-08 22:35:32'),
(5, '林雅琪', 'lin.yaqi@gmail.com', '0956-999-000', '$2y$10$example5hash', '2024-05-30', '2025-06-08', 1, '2025-06-08 22:35:32', '2025-06-08 22:35:32'),
(6, '黃建明', 'huang.jianming@gmail.com', '0967-123-456', NULL, NULL, '2025-06-01', 1, '2025-06-08 22:35:32', '2025-06-08 22:35:32'),
(101, '王小明', 'wang.xiaoming@email.com', '0911-222-333', '482c811da5d5b4bc6d497ffa98491e38', '2024-06-01', '2025-06-09', 1, '2025-06-11 00:14:30', '2025-06-11 00:14:30'),
(102, '陳美玲', 'chen.meiling@email.com', '0912-333-444', '96b33694c4bb7dbd07391e0be54745fb', '2024-07-10', '2025-06-08', 1, '2025-06-11 00:14:30', '2025-06-11 00:14:30'),
(103, '林志傑', 'lin.zhijie@email.com', '0913-444-555', '7d347cf0ee68174a3588f6cba31b8a67', '2024-08-15', '2025-06-07', 1, '2025-06-11 00:14:30', '2025-06-11 00:14:30'),
(104, '吳淑貞', 'wu.shuzhen@email.com', '0914-555-666', 'bb77d0d3b3f239fa5db73bdf27b8d29a', '2024-09-01', '2025-06-09', 1, '2025-06-11 00:14:30', '2025-06-11 00:14:30'),
(105, '黃國華', 'huang.guohua@email.com', '0915-666-777', '34819d7beeabb9260a5c854bc85b3e44', '2024-10-20', '2025-06-05', 1, '2025-06-11 00:14:30', '2025-06-11 00:14:30'),
(106, '蔡依林', 'tsai.yilin@email.com', '0916-777-888', 'e9e57370723e5c1b735ddbda3e81e0a7', '2024-11-05', '2025-06-06', 1, '2025-06-11 00:14:30', '2025-06-11 00:14:30'),
(107, '鄭成功', 'zheng.chenggong@email.com', '0917-888-999', 'f04af61b3f332afa0ceec786a42cd365', '2024-12-12', '2025-06-03', 1, '2025-06-11 00:14:30', '2025-06-11 00:14:30'),
(108, '楊丞琳', 'yang.chenglin@email.com', '0918-999-000', '05011fc72802a0682d39fbe330224b60', '2025-01-01', '2025-06-09', 1, '2025-06-11 00:14:30', '2025-06-11 00:14:30'),
(109, '劉德華', 'liu.dehua@email.com', '0919-000-111', '8e62561c3ac6d3fb0016e9a34a2caa5d', '2025-02-14', '2025-06-02', 1, '2025-06-11 00:14:30', '2025-06-11 00:14:30'),
(110, '高圓圓', 'gao.yuanyuan@email.com', '0920-111-222', 'd109f71f89b98e6f3990a0adbfaeb913', '2025-03-20', '2025-06-01', 1, '2025-06-11 00:14:30', '2025-06-11 00:14:30'),
(111, '周杰倫', 'jay.chou@email.com', '0921-222-333', '075f74ae2b8989ab2c7e3c8c91bcf62a', '2024-01-01', '2025-06-09', 1, '2025-06-11 00:14:30', '2025-06-11 00:14:30'),
(112, '孫燕姿', 'stef.sun@email.com', '0922-333-444', 'c71994ec8cbfb65796480d0567974d46', '2024-02-02', '2025-06-08', 1, '2025-06-11 00:14:30', '2025-06-11 00:14:30'),
(113, '王力宏', 'wang.lihong@email.com', '0923-444-555', 'd952924cb83b7b06910be50dda8fe6ec', '2024-03-03', '2025-06-07', 1, '2025-06-11 00:14:30', '2025-06-11 00:14:30'),
(114, '李榮浩', 'li.ronghao@email.com', '0924-555-666', '858012b9bfc596763b85914d298f9bee', '2024-04-04', '2025-06-09', 1, '2025-06-11 00:14:30', '2025-06-11 00:14:30'),
(115, '鄧紫棋', 'g.e.m@email.com', '0925-666-777', '65283d8df2d4f596f092c54864cad922', '2024-05-05', '2025-06-05', 1, '2025-06-11 00:14:30', '2025-06-11 00:14:30'),
(116, '羅志祥', 'show.lo@email.com', '0926-777-888', '6b19beeaedade171ecc320ddd87f7ae6', '2024-06-06', '2025-06-06', 1, '2025-06-11 00:14:30', '2025-06-11 00:14:30'),
(117, '林俊傑', 'jj.lin@email.com', '0927-888-999', 'f3a99ccc1d3d7b7304aec4eb3617a710', '2024-07-07', '2025-06-03', 1, '2025-06-11 00:14:30', '2025-06-11 00:14:30'),
(118, '蕭敬騰', 'jam.hsiao@email.com', '0928-999-000', '6b42d00c4ca6ddc33a604c54b8ce4adc', '2024-08-08', '2025-06-09', 1, '2025-06-11 00:14:30', '2025-06-11 00:14:30'),
(119, '田馥甄', 'hebe.tien@email.com', '0929-000-111', '9820da2cacb782026943db4db6110d69', '2024-09-09', '2025-06-02', 1, '2025-06-11 00:14:30', '2025-06-11 00:14:30'),
(120, '阿信', 'ashin@email.com', '0930-111-222', 'd0684cfe844d7353619932ef26fa6e90', '2024-10-10', '2025-06-01', 1, '2025-06-11 00:14:30', '2025-06-11 00:14:30'),
(121, '光頭王', 'david.wang@email.com', '0987-654-321', NULL, NULL, '2025-06-09', 1, '2025-06-11 00:14:30', '2025-06-11 00:14:30'),
(122, '劉阿嬤', 'grandma.liu@email.com', '0988-765-432', NULL, NULL, '2025-06-08', 1, '2025-06-11 00:14:30', '2025-06-11 00:14:30'),
(123, '張老師', 'teacher.chang@email.com', '0989-876-543', NULL, NULL, '2025-06-07', 1, '2025-06-11 00:14:30', '2025-06-11 00:14:30'),
(124, '李同學', 'student.li@email.com', '0990-987-654', NULL, NULL, '2025-06-06', 1, '2025-06-11 00:14:30', '2025-06-11 00:14:30'),
(125, '趙老闆', 'boss.zhao@email.com', '0991-098-765', NULL, NULL, '2025-06-05', 1, '2025-06-11 00:14:30', '2025-06-11 00:14:30'),
(126, '錢經理', 'manager.qian@email.com', '0992-123-456', NULL, NULL, '2025-06-04', 1, '2025-06-11 00:14:30', '2025-06-11 00:14:30'),
(127, '孫先生', 'mr.sun@email.com', '0993-234-567', NULL, NULL, '2025-06-03', 1, '2025-06-11 00:14:30', '2025-06-11 00:14:30'),
(128, '周小姐', 'ms.zhou@email.com', '0994-345-678', NULL, NULL, '2025-06-02', 1, '2025-06-11 00:14:30', '2025-06-11 00:14:30'),
(129, '吳太太', 'mrs.wu@email.com', '0995-456-789', NULL, NULL, '2025-06-01', 1, '2025-06-11 00:14:30', '2025-06-11 00:14:30'),
(130, '鄭先生', 'mr.zheng@email.com', '0996-567-890', NULL, NULL, '2025-05-30', 0, '2025-06-11 00:14:30', '2025-06-11 00:14:30');

--
-- 已傾印資料表的索引
--

--
-- 資料表索引 `cartdetails`
--
ALTER TABLE `cartdetails`
  ADD PRIMARY KEY (`cartdetailid`),
  ADD KEY `fk_cartdetails_cartid` (`cartid`),
  ADD KEY `fk_cartdetails_productid` (`productid`);

--
-- 資料表索引 `carts`
--
ALTER TABLE `carts`
  ADD PRIMARY KEY (`cartid`),
  ADD KEY `fk_carts_userid` (`userid`);

--
-- 資料表索引 `employees`
--
ALTER TABLE `employees`
  ADD PRIMARY KEY (`employeeid`),
  ADD KEY `name` (`name`);

--
-- 資料表索引 `inventory`
--
ALTER TABLE `inventory`
  ADD PRIMARY KEY (`inventoryid`),
  ADD KEY `fk_inventory_productid` (`productid`);

--
-- 資料表索引 `orderdetails`
--
ALTER TABLE `orderdetails`
  ADD PRIMARY KEY (`orderid`,`productid`),
  ADD KEY `fk_orderdetail_productid` (`productid`);

--
-- 資料表索引 `orders`
--
ALTER TABLE `orders`
  ADD PRIMARY KEY (`orderid`),
  ADD KEY `fk_orders_userid` (`userid`),
  ADD KEY `fk_orders_addressid` (`addressid`),
  ADD KEY `fk_orders_platformid` (`platformid`);

--
-- 資料表索引 `platforms`
--
ALTER TABLE `platforms`
  ADD PRIMARY KEY (`platformid`),
  ADD KEY `shopname` (`platformname`),
  ADD KEY `fk_shops_employeeid` (`employeeid`);

--
-- 資料表索引 `productimgs`
--
ALTER TABLE `productimgs`
  ADD PRIMARY KEY (`imgid`),
  ADD KEY `fk_productsimg_productid` (`productid`);

--
-- 資料表索引 `products`
--
ALTER TABLE `products`
  ADD PRIMARY KEY (`productid`),
  ADD KEY `productname` (`productname`);

--
-- 資料表索引 `useraddress`
--
ALTER TABLE `useraddress`
  ADD PRIMARY KEY (`addressid`),
  ADD KEY `fk_useraddress_userid` (`userid`);

--
-- 資料表索引 `users`
--
ALTER TABLE `users`
  ADD PRIMARY KEY (`userid`),
  ADD KEY `name` (`name`),
  ADD KEY `email` (`email`,`phone`);

--
-- 在傾印的資料表使用自動遞增(AUTO_INCREMENT)
--

--
-- 使用資料表自動遞增(AUTO_INCREMENT) `cartdetails`
--
ALTER TABLE `cartdetails`
  MODIFY `cartdetailid` int(10) UNSIGNED NOT NULL AUTO_INCREMENT, AUTO_INCREMENT=135;

--
-- 使用資料表自動遞增(AUTO_INCREMENT) `carts`
--
ALTER TABLE `carts`
  MODIFY `cartid` int(10) UNSIGNED NOT NULL AUTO_INCREMENT, AUTO_INCREMENT=131;

--
-- 使用資料表自動遞增(AUTO_INCREMENT) `employees`
--
ALTER TABLE `employees`
  MODIFY `employeeid` int(10) UNSIGNED NOT NULL AUTO_INCREMENT, AUTO_INCREMENT=131;

--
-- 使用資料表自動遞增(AUTO_INCREMENT) `inventory`
--
ALTER TABLE `inventory`
  MODIFY `inventoryid` int(11) UNSIGNED NOT NULL AUTO_INCREMENT, AUTO_INCREMENT=134;

--
-- 使用資料表自動遞增(AUTO_INCREMENT) `orders`
--
ALTER TABLE `orders`
  MODIFY `orderid` int(10) UNSIGNED NOT NULL AUTO_INCREMENT, AUTO_INCREMENT=119;

--
-- 使用資料表自動遞增(AUTO_INCREMENT) `platforms`
--
ALTER TABLE `platforms`
  MODIFY `platformid` int(10) UNSIGNED NOT NULL AUTO_INCREMENT, AUTO_INCREMENT=3;

--
-- 使用資料表自動遞增(AUTO_INCREMENT) `productimgs`
--
ALTER TABLE `productimgs`
  MODIFY `imgid` int(11) UNSIGNED NOT NULL AUTO_INCREMENT, AUTO_INCREMENT=132;

--
-- 使用資料表自動遞增(AUTO_INCREMENT) `products`
--
ALTER TABLE `products`
  MODIFY `productid` int(11) UNSIGNED NOT NULL AUTO_INCREMENT, AUTO_INCREMENT=131;

--
-- 使用資料表自動遞增(AUTO_INCREMENT) `useraddress`
--
ALTER TABLE `useraddress`
  MODIFY `addressid` int(10) UNSIGNED NOT NULL AUTO_INCREMENT, AUTO_INCREMENT=131;

--
-- 使用資料表自動遞增(AUTO_INCREMENT) `users`
--
ALTER TABLE `users`
  MODIFY `userid` int(10) UNSIGNED NOT NULL AUTO_INCREMENT, AUTO_INCREMENT=131;

--
-- 已傾印資料表的限制式
--

--
-- 資料表的限制式 `cartdetails`
--
ALTER TABLE `cartdetails`
  ADD CONSTRAINT `fk_cartdetails_cartid` FOREIGN KEY (`cartid`) REFERENCES `carts` (`cartid`) ON DELETE CASCADE ON UPDATE CASCADE,
  ADD CONSTRAINT `fk_cartdetails_productid` FOREIGN KEY (`productid`) REFERENCES `products` (`productid`) ON UPDATE CASCADE;

--
-- 資料表的限制式 `carts`
--
ALTER TABLE `carts`
  ADD CONSTRAINT `fk_carts_userid` FOREIGN KEY (`userid`) REFERENCES `users` (`userid`) ON DELETE CASCADE ON UPDATE CASCADE;

--
-- 資料表的限制式 `inventory`
--
ALTER TABLE `inventory`
  ADD CONSTRAINT `fk_inventory_productid` FOREIGN KEY (`productid`) REFERENCES `products` (`productid`) ON UPDATE CASCADE;

--
-- 資料表的限制式 `orderdetails`
--
ALTER TABLE `orderdetails`
  ADD CONSTRAINT `fk_orderdetail_orderid` FOREIGN KEY (`orderid`) REFERENCES `orders` (`orderid`) ON DELETE CASCADE ON UPDATE CASCADE,
  ADD CONSTRAINT `fk_orderdetail_productid` FOREIGN KEY (`productid`) REFERENCES `products` (`productid`) ON UPDATE CASCADE;

--
-- 資料表的限制式 `orders`
--
ALTER TABLE `orders`
  ADD CONSTRAINT `fk_orders_addressid` FOREIGN KEY (`addressid`) REFERENCES `useraddress` (`addressid`) ON UPDATE CASCADE,
  ADD CONSTRAINT `fk_orders_platformid` FOREIGN KEY (`platformid`) REFERENCES `platforms` (`platformid`) ON UPDATE CASCADE,
  ADD CONSTRAINT `fk_orders_userid` FOREIGN KEY (`userid`) REFERENCES `users` (`userid`) ON UPDATE CASCADE;

--
-- 資料表的限制式 `platforms`
--
ALTER TABLE `platforms`
  ADD CONSTRAINT `fk_shops_employeeid` FOREIGN KEY (`employeeid`) REFERENCES `employees` (`employeeid`) ON UPDATE CASCADE;

--
-- 資料表的限制式 `productimgs`
--
ALTER TABLE `productimgs`
  ADD CONSTRAINT `fk_productsimg_productid` FOREIGN KEY (`productid`) REFERENCES `products` (`productid`) ON DELETE CASCADE ON UPDATE CASCADE;

--
-- 資料表的限制式 `useraddress`
--
ALTER TABLE `useraddress`
  ADD CONSTRAINT `fk_useraddress_userid` FOREIGN KEY (`userid`) REFERENCES `users` (`userid`) ON DELETE CASCADE ON UPDATE CASCADE;
COMMIT;

/*!40101 SET CHARACTER_SET_CLIENT=@OLD_CHARACTER_SET_CLIENT */;
/*!40101 SET CHARACTER_SET_RESULTS=@OLD_CHARACTER_SET_RESULTS */;
/*!40101 SET COLLATION_CONNECTION=@OLD_COLLATION_CONNECTION */;
